,PaperId,Date,CitationCount,vb1,vb2,vd1,vd2,lifetime_x,birth_date,birth_point,death_date,death_point,shortest_path_before_death,point,graph,lifetime_y,full_overlap,partial_overlap
0,398594583,1924-01-01,0,christian philosophy,philosophy of education society of great britain,eastern philosophy,philosophy of medicine,0.0558159034587291,1912-01-01,0.493021,1924-01-01,0.548837,2,"(0.493021, 0.548837)","[('christian philosophy', 'american philosophy', {'weight': 0.493021}), ('christian philosophy', 'eastern philosophy', {'weight': 0.441866}), ('american philosophy', 'philosophy of education society of great britain', {'weight': 0.476734}), ('philosophy of education society of great britain', 'psychology philosophy and physiology', {'weight': 0.474416}), ('psychology philosophy and physiology', 'eastern philosophy', {'weight': 0.460472})]",0.05581600000000003,False,True
1,2041796060,1944-03-01,0,language industry,communicative language teaching,learner autonomy,communicative language teaching,0.0383689234447882,1935-12-01,0.604258,1944-03-01,0.642627,2,"(0.604258, 0.642627)","[('communicative language teaching', 'sociology of language', {'weight': 0.604258}), ('communicative language teaching', 'language pedagogy', {'weight': 0.543412}), ('sociology of language', 'language industry', {'weight': 0.515116}), ('language pedagogy', 'learner autonomy', {'weight': 0.577898}), ('learner autonomy', 'language industry', {'weight': 0.483725})]",0.038368999999999986,True,True
2,2060759320,1963-01-01,3,liberal education,education economics,education economics,philosophy of education society of great britain,0.004648141629577,1962-01-01,0.725594,1963-01-01,0.730242,2,"(0.725594, 0.730242)","[('education economics', 'liberal education', {'weight': 0.725594}), ('education economics', 'education', {'weight': 0.613962}), ('liberal education', 'philosophy of education society of great britain', {'weight': 0.558146}), ('philosophy of education society of great britain', 'education', {'weight': 0.659692})]",0.0046479999999999855,True,True
3,157912235,1965-01-01,0,education,philosophy of education society of great britain,liberal education,education,0.0798588935865139,1947-11-01,0.659692,1965-01-01,0.739551,2,"(0.659692, 0.739551)","[('philosophy of education society of great britain', 'education', {'weight': 0.659692}), ('philosophy of education society of great britain', 'liberal education', {'weight': 0.558146}), ('education', 'everyday mathematics', {'weight': 0.632568}), ('everyday mathematics', 'liberal education', {'weight': 0.572104})]",0.07985900000000001,True,True
4,2061916669,1981-01-01,0,right to property,international legal system,legal pluralism,international legal system,0.0232661774170883,1976-01-01,0.790706,1981-01-01,0.813972,2,"(0.790706, 0.813972)","[('international legal system', 'right to property', {'weight': 0.790706}), ('international legal system', 'legal opinion', {'weight': 0.784886}), ('right to property', 'legal pluralism', {'weight': 0.722092}), ('legal opinion', 'legal pluralism', {'weight': 0.446515})]",0.02326600000000001,True,True
5,2144105102,1989-03-01,1146,modern language aptitude test,second language attrition,language learning aptitude,modern language aptitude test,0.0081379621201852,1987-06-01,0.843796,1989-03-01,0.851934,2,"(0.843796, 0.851934)","[('test of english as a foreign language', 'modern language aptitude test', {'weight': 0.843796}), ('test of english as a foreign language', 'language learning aptitude', {'weight': 0.818621}), ('modern language aptitude test', 'second language attrition', {'weight': 0.843796}), ('second language attrition', 'language learning aptitude', {'weight': 0.795367})]",0.008137999999999979,True,True
6,767501722,1994-01-01,0,chinese musicology,piano pedagogy,chinese musicology,vocal music,0.0232534427824867,1989-01-01,0.851183,1994-01-01,0.874436,2,"(0.851183, 0.874436)","[('piano pedagogy', 'chinese musicology', {'weight': 0.851183}), ('piano pedagogy', 'vocal music', {'weight': 0.66513}), ('chinese musicology', 'musicality', {'weight': 0.748453}), ('musicality', 'call and response', {'weight': 0.584876}), ('vocal music', 'call and response', {'weight': 0.474416})]",0.023252999999999968,True,True
7,2592086995,1994-01-01,0,chinese musicology,music geography,chinese musicology,call and response,0.0043934489375454,1993-01-21,0.870043,1994-01-01,0.874436,2,"(0.870043, 0.874436)","[('music geography', 'chinese musicology', {'weight': 0.870043}), ('music geography', 'call and response', {'weight': 0.727313}), ('chinese musicology', 'musicality', {'weight': 0.748453}), ('musicality', 'call and response', {'weight': 0.584876})]",0.00439299999999998,True,True
8,50470814,1998-12-01,1,joint and several liability,enterprise liability,respondeat superior,joint and several liability,0.0507729881565031,1988-01-01,0.846522,1998-12-01,0.897295,2,"(0.846522, 0.897295)","[('enterprise liability', 'joint and several liability', {'weight': 0.846522}), ('enterprise liability', 'respondeat superior', {'weight': 0.790706}), ('joint and several liability', 'civil law', {'weight': 0.790706}), ('civil law', 'respondeat superior', {'weight': 0.722092})]",0.05077299999999996,True,True
9,2375184841,2000-01-01,0,language module,sociology of language,language module,universal networking language,0.0190000748255587,1995-12-01,0.883338,2000-01-01,0.902338,2,"(0.883338, 0.902338)","[('sociology of language', 'language module', {'weight': 0.883338}), ('sociology of language', 'universal networking language', {'weight': 0.605812}), ('language module', 'developmental linguistics', {'weight': 0.763556}), ('developmental linguistics', 'universal networking language', {'weight': 0.516288})]",0.019000000000000017,True,True
10,263445997,2001-04-01,0,request for admissions,federal jurisdiction,request for admissions,subject matter jurisdiction,0.1220869419253564,1975-01-01,0.786058,2001-04-01,0.908145,2,"(0.786058, 0.908145)","[('federal jurisdiction', 'request for admissions', {'weight': 0.786058}), ('federal jurisdiction', 'intervention', {'weight': 0.566666}), ('request for admissions', 'court of record', {'weight': 0.558146}), ('subject matter jurisdiction', 'court of record', {'weight': 0.651173}), ('subject matter jurisdiction', 'intervention', {'weight': 0.537197})]",0.12208699999999995,True,True
11,2252850716,2001-08-08,0,uncitral model law on international commercial arbitration,federal arbitration act,federal arbitration act,online dispute resolution,0.0190892172677697,1997-07-01,0.890698,2001-08-08,0.909787,2,"(0.890698, 0.909787)","[('federal arbitration act', 'uncitral model law on international commercial arbitration', {'weight': 0.890698}), ('federal arbitration act', 'arbitration award', {'weight': 0.772101}), ('uncitral model law on international commercial arbitration', 'online dispute resolution', {'weight': 0.841874}), ('online dispute resolution', 'arbitration award', {'weight': 0.837977})]",0.019089000000000023,True,True
12,2090474200,2002-09-01,0,outline of social science,metaphilosophy,outline of social science,philosophy of biology,0.0124030034921647,2000-01-01,0.902338,2002-09-01,0.914741,2,"(0.902338, 0.914741)","[('metaphilosophy', 'outline of social science', {'weight': 0.902338}), ('metaphilosophy', 'philosophy of biology', {'weight': 0.808535}), ('outline of social science', 'philosophy of social science', {'weight': 0.494562}), ('philosophy of biology', 'philosophy of social science', {'weight': 0.832183})]",0.012403000000000053,True,True
13,1947186256,2002-12-01,1,syntactic bootstrapping,lexical verb,reflexive verb,lexical verb,0.0042533679569281,2002-01-01,0.911647,2002-12-01,0.9159,2,"(0.911647, 0.9159)","[('lexical verb', 'syntactic bootstrapping', {'weight': 0.911647}), ('lexical verb', 'verb phrase ellipsis', {'weight': 0.896314}), ('syntactic bootstrapping', 'reflexive verb', {'weight': 0.857754}), ('verb phrase ellipsis', 'reflexive verb', {'weight': 0.452309})]",0.004253000000000062,True,True
14,2100860879,2004-01-01,6,audio mining,advanced audio coding,audio mining,adaptive multi rate audio codec,0.0126460227691449,2001-04-13,0.908297,2004-01-01,0.920943,2,"(0.908297, 0.920943)","[('advanced audio coding', 'audio mining', {'weight': 0.908297}), ('advanced audio coding', 'adaptive multi rate audio codec', {'weight': 0.865892}), ('audio mining', 'linear predictive coding', {'weight': 0.725989}), ('adaptive multi rate audio codec', 'linear predictive coding', {'weight': 0.790706})]",0.012645999999999935,True,True
15,2377281973,2006-01-01,0,law of obligations,principles of european contract law,civil law,principles of european contract law,0.0155113155545005,2002-09-01,0.914741,2006-01-01,0.930252,2,"(0.914741, 0.930252)","[('principles of european contract law', 'law of obligations', {'weight': 0.914741}), ('principles of european contract law', 'european civil code', {'weight': 0.888394}), ('law of obligations', 'civil law', {'weight': 0.469768}), ('civil law', 'european civil code', {'weight': 0.906999})]",0.015510999999999942,True,True
16,1427033955,2008-03-24,1,roberts court,establishment clause,roberts court,free exercise clause,0.0103527273213103,2006-01-01,0.930252,2008-03-24,0.940605,2,"(0.930252, 0.940605)","[('establishment clause', 'roberts court', {'weight': 0.930252}), ('establishment clause', 'free exercise clause', {'weight': 0.730242}), ('roberts court', 'court of equity', {'weight': 0.929476}), ('court of equity', 'free exercise clause', {'weight': 0.576752})]",0.010353000000000057,True,True
17,2084833607,2010-03-01,3,united nations convention against torture,rome statute of the international criminal court,united nations convention against torture,customary international law,0.0042538985667029,2009-04-01,0.945355,2010-03-01,0.949609,2,"(0.945355, 0.949609)","[('rome statute of the international criminal court', 'united nations convention against torture', {'weight': 0.945355}), ('rome statute of the international criminal court', 'customary international law', {'weight': 0.906999}), ('united nations convention against torture', 'right to property', {'weight': 0.865128}), ('customary international law', 'right to property', {'weight': 0.823269})]",0.004254000000000091,True,True
18,2269938754,2012-07-19,0,judicial notice,federal jurisdiction,judicial restraint,judicial notice,0.0444051402459376,2003-01-01,0.916295,2012-07-19,0.9607,2,"(0.916295, 0.9607)","[('federal jurisdiction', 'jury sequestration', {'weight': 0.916295}), ('federal jurisdiction', 'judicial restraint', {'weight': 0.78141}), ('jury sequestration', 'judicial notice', {'weight': 0.916295}), ('judicial notice', 'certiorari', {'weight': 0.911647}), ('certiorari', 'judicial restraint', {'weight': 0.772101})]",0.04440500000000003,True,True
19,2027444358,2012-12-01,0,protected persons,lieber code,military necessity,jus ad bellum,0.0131676121780347,2010-02-01,0.949252,2012-12-01,0.96242,2,"(0.949252, 0.96242)","[('lieber code', 'protected persons', {'weight': 0.949252}), ('lieber code', 'principles of war', {'weight': 0.919771}), ('protected persons', 'jus ad bellum', {'weight': 0.94421}), ('jus ad bellum', 'martens clause', {'weight': 0.893042}), ('military necessity', 'martens clause', {'weight': 0.924827}), ('military necessity', 'principles of war', {'weight': 0.919771})]",0.013168000000000069,True,True
20,2231341323,2013-09-04,0,right to internet access,customary international law,right to internet access,right to property,0.0070289876902975,2012-03-01,0.958918,2013-09-04,0.965947,2,"(0.958918, 0.965947)","[('customary international law', 'right to internet access', {'weight': 0.958918}), ('customary international law', 'right to property', {'weight': 0.823269}), ('right to internet access', 'universal periodic review', {'weight': 0.762805}), ('right to property', 'universal periodic review', {'weight': 0.930252})]",0.007028999999999952,True,True
21,170905150,2014-01-01,0,expectation of privacy,free exercise clause,terry stop,free exercise clause,0.0465196201995751,2004-01-01,0.920943,2014-01-01,0.967463,2,"(0.920943, 0.967463)","[('free exercise clause', 'expectation of privacy', {'weight': 0.920943}), ('free exercise clause', 'certiorari', {'weight': 0.576752}), ('expectation of privacy', 'terry stop', {'weight': 0.827917}), ('certiorari', 'prior restraint', {'weight': 0.839925}), ('prior restraint', 'terry stop', {'weight': 0.823269})]",0.046520000000000006,True,True
22,2370864305,2015-01-01,0,diminution in value,civil law,statutory damages,civil law,0.0123276569041054,2012-05-08,0.959783,2015-01-01,0.972111,2,"(0.959783, 0.972111)","[('civil law', 'diminution in value', {'weight': 0.959783}), ('civil law', 'common law copyright', {'weight': 0.767453}), ('diminution in value', 'statutory damages', {'weight': 0.9376}), ('statutory damages', 'common law copyright', {'weight': 0.89187})]",0.012327999999999895,True,True
23,1591790691,2015-05-26,3,national strategy to secure cyberspace,jus ad bellum,national strategy to secure cyberspace,customary international law,0.0105819507441387,2013-02-14,0.963375,2015-05-26,0.973957,2,"(0.963375, 0.973957)","[('jus ad bellum', 'national strategy to secure cyberspace', {'weight': 0.963375}), ('jus ad bellum', 'customary international law', {'weight': 0.918078}), ('national strategy to secure cyberspace', 'aviation law', {'weight': 0.944617}), ('aviation law', 'customary international law', {'weight': 0.841874})]",0.01058199999999998,True,True
24,1672890999,2015-08-21,2,special education in the united states,national science education standards,least restrictive environment,national science education standards,0.0076020462473687,2014-01-01,0.967463,2015-08-21,0.975065,2,"(0.967463, 0.975065)","[('national science education standards', 'special education in the united states', {'weight': 0.967463}), ('national science education standards', 'education', {'weight': 0.590709}), ('special education in the united states', 'least restrictive environment', {'weight': 0.953506}), ('least restrictive environment', 'education', {'weight': 0.947686})]",0.007601999999999998,True,True
25,2222050837,2016-01-08,0,due process,privileges or immunities clause,privileges or immunities clause,right to property,8.914244221103207e-05,2016-01-01,0.976759,2016-01-08,0.976848,2,"(0.976759, 0.976848)","[('privileges or immunities clause', 'due process', {'weight': 0.976759}), ('privileges or immunities clause', 'unenumerated rights', {'weight': 0.930673}), ('due process', 'right to property', {'weight': 0.637215}), ('unenumerated rights', 'right to property', {'weight': 0.906999})]",8.900000000000574e-05,True,True
26,2605708710,2016-09-01,4,forensic profiling,forensic anthropology,forensic identification,forensic anthropology,0.018108650403448,2012-10-10,0.961757,2016-09-01,0.979866,2,"(0.961757, 0.979866)","[('forensic anthropology', 'forensic profiling', {'weight': 0.961757}), ('forensic anthropology', 'forensic dentistry', {'weight': 0.934506}), ('forensic profiling', 'forensic identification', {'weight': 0.953506}), ('forensic identification', 'crime scene', {'weight': 0.937256}), ('crime scene', 'forensic dentistry', {'weight': 0.946514})]",0.01810900000000004,True,True
27,2555211969,2016-12-01,1,secondary liability,actus reus,customary international law,actus reus,0.0172432258603156,2013-03-18,0.963782,2016-12-01,0.981025,2,"(0.963782, 0.981025)","[('actus reus', 'secondary liability', {'weight': 0.963782}), ('actus reus', 'absolute liability', {'weight': 0.851183}), ('secondary liability', 'customary international law', {'weight': 0.934901}), ('customary international law', 'absolute liability', {'weight': 0.89769})]",0.01724300000000001,True,True
28,2570120664,2017-01-01,0,forensic statistics,trier of fact,trier of fact,forensic psychology,0.0046608762641785,2016-01-01,0.976759,2017-01-01,0.98142,2,"(0.976759, 0.98142)","[('trier of fact', 'forensic statistics', {'weight': 0.976759}), ('trier of fact', 'legal psychology', {'weight': 0.908527}), ('forensic statistics', 'forensic psychology', {'weight': 0.976072}), ('forensic psychology', 'legal psychology', {'weight': 0.576357})]",0.004660999999999915,True,True
29,2797132769,2017-10-27,0,european civil code,rome i regulation,law of obligations,european civil code,0.0166059635204616,2014-04-02,0.968621,2017-10-27,0.985227,2,"(0.968621, 0.985227)","[('rome i regulation', 'european civil code', {'weight': 0.968621}), ('rome i regulation', 'law of obligations', {'weight': 0.958154}), ('european civil code', 'supranational law', {'weight': 0.920943}), ('law of obligations', 'supranational law', {'weight': 0.963057})]",0.01660600000000001,True,True
30,2895065396,2018-10-01,10,weight stigma,emotional eating,childhood obesity,emotional eating,0.0104678696424995,2016-07-01,0.979076,2018-10-01,0.989544,2,"(0.979076, 0.989544)","[('intuitive eating', 'weight stigma', {'weight': 0.979076}), ('intuitive eating', 'emotional eating', {'weight': 0.951162}), ('weight stigma', 'childhood obesity', {'weight': 0.972111}), ('childhood obesity', 'weight management', {'weight': 0.920167}), ('emotional eating', 'weight management', {'weight': 0.95078})]",0.010468000000000033,True,True
31,2895065396,2018-10-01,10,weight management,emotional eating,childhood obesity,emotional eating,0.0387642277272123,2010-06-01,0.95078,2018-10-01,0.989544,2,"(0.95078, 0.989544)","[('emotional eating', 'weight management', {'weight': 0.95078}), ('emotional eating', 'figure rating scale', {'weight': 0.937205}), ('weight management', 'childhood obesity', {'weight': 0.920167}), ('figure rating scale', 'body volume index', {'weight': 0.948654}), ('body volume index', 'childhood obesity', {'weight': 0.84535})]",0.03876400000000002,True,True
32,2287185313,1859-01-01,0,vocal music,music and emotion,music and emotion,incidental music,0.0372106023058194,1906-01-01,0.465119,1914-01-01,0.50233,2,"(0.46512, 0.50233)","[('music and emotion', 'vocal music', {'weight': 0.46512}), ('music and emotion', 'philosophy of music', {'weight': 0.451163}), ('vocal music', 'incidental music', {'weight': 0.455811}), ('philosophy of music', 'incidental music', {'weight': 0.455811})]",0.037210000000000076,True,True
33,2073450639,1938-01-01,0,activity theory,outline of social science,outline of social science,social psychology,0.0418587439353964,1929-01-01,0.572103,1938-01-01,0.613962,2,"(0.572104, 0.613962)","[('outline of social science', 'activity theory', {'weight': 0.572104}), ('outline of social science', 'philosophy of social science', {'weight': 0.494562}), ('activity theory', 'social psychology', {'weight': 0.474416}), ('social psychology', 'philosophy of social science', {'weight': 0.534893})]",0.04185800000000006,True,True
34,2063313488,1955-12-01,2,sociology of language,anthropological linguistics,anthropological linguistics,sociocultural linguistics,0.0031072508427858,1955-04-01,0.694177,1955-12-01,0.697285,2,"(0.694178, 0.697285)","[('anthropological linguistics', 'sociology of language', {'weight': 0.694178}), ('anthropological linguistics', 'structural linguistics', {'weight': 0.511627}), ('sociology of language', 'sociocultural linguistics', {'weight': 0.660469}), ('sociocultural linguistics', 'structural linguistics', {'weight': 0.623259})]",0.003107000000000082,True,True
35,1963766267,1962-06-01,1,media linguistics,developmental linguistics,linguistic purism,media linguistics,0.0344848598913061,1955-01-01,0.693031,1962-06-01,0.727516,2,"(0.693032, 0.727516)","[('developmental linguistics', 'media linguistics', {'weight': 0.693032}), ('developmental linguistics', 'linguistic purism', {'weight': 0.543412}), ('media linguistics', 'sociocultural linguistics', {'weight': 0.455811}), ('sociocultural linguistics', 'linguistic purism', {'weight': 0.660469})]",0.03448400000000007,True,True
36,1992582851,1965-04-01,0,call and response,music geography,music geography,philosophy of music,0.0133846315760365,1962-05-16,0.727312,1965-04-01,0.740697,2,"(0.727313, 0.740697)","[('music geography', 'secular music', {'weight': 0.727313}), ('music geography', 'music and emotion', {'weight': 0.676349}), ('secular music', 'philosophy of music', {'weight': 0.516288}), ('music and emotion', 'philosophy of music', {'weight': 0.451163})]",0.013384000000000063,True,True
37,337035929,1975-01-01,0,ap chinese language and culture,test of english as a foreign language,ap chinese language and culture,communicative language teaching,0.0232534427824867,1970-01-01,0.762804,1975-01-01,0.786058,2,"(0.762805, 0.786058)","[('test of english as a foreign language', 'ap chinese language and culture', {'weight': 0.762805}), ('test of english as a foreign language', 'communicative language teaching', {'weight': 0.567837}), ('ap chinese language and culture', 'language pedagogy', {'weight': 0.753101}), ('language pedagogy', 'communicative language teaching', {'weight': 0.543412})]",0.02325300000000008,True,True
38,337035929,1975-01-01,0,ap chinese language and culture,language industry,ap chinese language and culture,communicative language teaching,0.0092962832591539,1973-01-01,0.776761,1975-01-01,0.786058,2,"(0.776762, 0.786058)","[('language industry', 'ap chinese language and culture', {'weight': 0.776762}), ('language industry', 'communicative language teaching', {'weight': 0.604258}), ('ap chinese language and culture', 'language pedagogy', {'weight': 0.753101}), ('language pedagogy', 'communicative language teaching', {'weight': 0.543412})]",0.009296000000000082,True,True
39,1994613043,1986-11-01,111,free running sleep,delayed sleep phase,sleep debt,delayed sleep phase,0.0224766300717903,1982-01-01,0.81862,1986-11-01,0.841097,2,"(0.818621, 0.841097)","[('delayed sleep phase', 'free running sleep', {'weight': 0.818621}), ('delayed sleep phase', 'insomnia', {'weight': 0.812418}), ('free running sleep', 'sleep debt', {'weight': 0.776367}), ('insomnia', 'sleep debt', {'weight': 0.729847})]",0.02247599999999994,True,True
40,111129540,1988-01-01,0,equitable conversion,tangible property,tangible property,numerus clausus,0.064361373886165,1974-03-01,0.78216,1988-01-01,0.846522,2,"(0.782161, 0.846522)","[('tangible property', 'equitable conversion', {'weight': 0.782161}), ('tangible property', 'right to property', {'weight': 0.771706}), ('equitable conversion', 'numerus clausus', {'weight': 0.73489}), ('right to property', 'civil law', {'weight': 0.530232}), ('numerus clausus', 'civil law', {'weight': 0.581795})]",0.064361,True,True
41,2416294558,1991-01-01,41,international legal system,international court,vienna convention on the law of treaties,international court,0.0115635788280105,1988-07-07,0.848915,1991-01-01,0.860479,2,"(0.848916, 0.860479)","[('international court', 'international legal system', {'weight': 0.848916}), ('international court', 'customary international law', {'weight': 0.744199}), ('international legal system', 'vienna convention on the law of treaties', {'weight': 0.748848}), ('customary international law', 'vienna convention on the law of treaties', {'weight': 0.833724})]",0.01156299999999999,True,True
42,3080556658,1993-01-01,0,right to property,customary international law,customary international law,international legal system,0.0465196201995751,1983-01-01,0.823268,1993-01-01,0.869788,2,"(0.823269, 0.869788)","[('customary international law', 'right to property', {'weight': 0.823269}), ('customary international law', 'law of the sea', {'weight': 0.687212}), ('right to property', 'international legal system', {'weight': 0.790706}), ('international legal system', 'vienna convention on the law of treaties', {'weight': 0.748848}), ('law of the sea', 'vienna convention on the law of treaties', {'weight': 0.776762})]",0.04651899999999998,True,True
43,2136621314,1997-12-01,135,sexual arousal disorder,hypoactive sexual desire disorder,female sexual arousal disorder,hypoactive sexual desire disorder,0.0135623858506835,1995-01-01,0.879084,1997-12-01,0.892647,2,"(0.879085, 0.892647)","[('hypoactive sexual desire disorder', 'sexual arousal disorder', {'weight': 0.879085}), ('hypoactive sexual desire disorder', 'sexual aversion disorder', {'weight': 0.865128}), ('sexual arousal disorder', 'female sexual arousal disorder', {'weight': 0.809312}), ('sexual aversion disorder', 'female sexual arousal disorder', {'weight': 0.865128})]",0.013561999999999963,True,True
44,1607302684,2000-01-01,0,erie doctrine,certiorari,rules enabling act,federal jurisdiction,0.0635845611754686,1986-05-01,0.838753,2000-01-01,0.902338,2,"(0.838754, 0.902338)","[('erie doctrine', 'court of record', {'weight': 0.838754}), ('erie doctrine', 'intervention', {'weight': 0.832578}), ('court of record', 'request for admissions', {'weight': 0.558146}), ('intervention', 'federal jurisdiction', {'weight': 0.566666}), ('federal jurisdiction', 'request for admissions', {'weight': 0.786058})]",0.06358399999999997,False,True
45,2539151894,2001-07-01,17,english only movement,native language instruction,english only movement,test of english as a foreign language,0.00370577866906,2000-09-13,0.905597,2001-07-01,0.909303,2,"(0.905598, 0.909303)","[('native language instruction', 'english only movement', {'weight': 0.905598}), ('native language instruction', 'test of english as a foreign language', {'weight': 0.837226}), ('english only movement', 'language transfer', {'weight': 0.869788}), ('language transfer', 'test of english as a foreign language', {'weight': 0.627919})]",0.0037049999999999583,True,True
46,2145026812,2001-08-01,3,vaginal lubrication,female sexual arousal disorder,vaginal lubrication,hypoactive sexual desire disorder,0.0026992119257601,2001-01-01,0.906998,2001-08-01,0.909698,2,"(0.906999, 0.909698)","[('female sexual arousal disorder', 'vaginal lubrication', {'weight': 0.906999}), ('female sexual arousal disorder', 'hypoactive sexual desire disorder', {'weight': 0.892647}), ('vaginal lubrication', 'human sexual response cycle', {'weight': 0.903878}), ('hypoactive sexual desire disorder', 'human sexual response cycle', {'weight': 0.904655})]",0.002699000000000007,True,True
47,2013107744,2003-01-01,15,k complex,periodic limb movement disorder,primary insomnia,periodic limb movement disorder,0.0058202586226975,2001-10-01,0.910474,2003-01-01,0.916295,2,"(0.910475, 0.916295)","[('periodic limb movement disorder', 'k complex', {'weight': 0.910475}), ('periodic limb movement disorder', 'insomnia', {'weight': 0.908921}), ('k complex', 'sleep debt', {'weight': 0.716285}), ('insomnia', 'international classification of sleep disorders', {'weight': 0.89187}), ('sleep debt', 'primary insomnia', {'weight': 0.893793}), ('primary insomnia', 'international classification of sleep disorders', {'weight': 0.877913})]",0.005819999999999936,True,True
48,1516577302,2005-01-01,0,principles of european contract law,vienna convention on the law of treaties,principles of european contract law,chinese law,0.0001146117114142,2004-12-23,0.925489,2005-01-01,0.925604,2,"(0.92549, 0.925604)","[('aviation law', 'uncitral model law on international commercial arbitration', {'weight': 0.92549}), ('aviation law', 'chinese law', {'weight': 0.61046}), ('uncitral model law on international commercial arbitration', 'scots law', {'weight': 0.863357}), ('scots law', 'chinese law', {'weight': 0.851183})]",0.00011399999999994748,False,True
49,2377281973,2006-01-01,0,european civil code,civil law,civil law,principles of european contract law,0.0232534427824867,2001-01-01,0.906998,2006-01-01,0.930252,2,"(0.906999, 0.930252)","[('civil law', 'european civil code', {'weight': 0.906999}), ('civil law', 'chinese law', {'weight': 0.474416}), ('european civil code', 'scots law', {'weight': 0.877352}), ('scots law', 'chinese law', {'weight': 0.851183})]",0.023252999999999968,False,True
50,2809001736,2006-09-01,0,sleep related eating disorder,periodic limb movement disorder,sleep related eating disorder,sleep hygiene,0.000789547345298,2006-07-01,0.932556,2006-09-01,0.933346,2,"(0.932557, 0.933346)","[('periodic limb movement disorder', 'sleep related eating disorder', {'weight': 0.932557}), ('periodic limb movement disorder', 'sleep hygiene', {'weight': 0.909698}), ('sleep related eating disorder', 'sleep onset', {'weight': 0.932175}), ('sleep onset', 'sleep hygiene', {'weight': 0.758157})]",0.0007890000000000397,True,True
51,1584329367,2007-02-28,10,convention on the safety of united nations and associated personnel,international court,convention on the safety of united nations and associated personnel,law of the sea,0.0007386088068916,2007-01-01,0.9349,2007-02-28,0.935639,2,"(0.934901, 0.935639)","[('diplomatic protection', 'convention on the safety of united nations and associated personnel', {'weight': 0.934901}), ('diplomatic protection', 'law of the sea', {'weight': 0.823269}), ('convention on the safety of united nations and associated personnel', 'aviation law', {'weight': 0.879085}), ('aviation law', 'law of the sea', {'weight': 0.470914})]",0.0007380000000000164,True,True
52,2329246378,2010-12-01,0,prepositional pronoun,determiner phrase,prepositional pronoun,phrasal verb,0.1248121537300946,1984-01-31,0.828298,2010-12-01,0.953111,2,"(0.828299, 0.953111)","[('determiner phrase', 'prepositional pronoun', {'weight': 0.828299}), ('determiner phrase', 'verb phrase ellipsis', {'weight': 0.453468}), ('prepositional pronoun', 'reflexive verb', {'weight': 0.795367}), ('reflexive verb', 'phrasal verb', {'weight': 0.767453}), ('verb phrase ellipsis', 'phrasal verb', {'weight': 0.767453})]",0.12481200000000003,True,True
53,1931009349,2011-04-01,0,margin of appreciation,international court,margin of appreciation,international legal system,0.0251758419975504,2005-11-01,0.929475,2011-04-01,0.954651,2,"(0.929476, 0.954651)","[('international court', 'margin of appreciation', {'weight': 0.929476}), ('international court', 'international legal system', {'weight': 0.848916}), ('margin of appreciation', 'right to property', {'weight': 0.795367}), ('international legal system', 'right to property', {'weight': 0.790706})]",0.02517500000000006,True,True
54,779495302,2014-01-01,0,aviation law,erie doctrine,erie doctrine,subject matter jurisdiction,0.1860530115290972,1974-01-01,0.781409,2014-01-01,0.967463,2,"(0.78141, 0.967463)","[('erie doctrine', 'aviation law', {'weight': 0.78141}), ('erie doctrine', 'federal jurisdiction', {'weight': 0.73489}), ('aviation law', 'law of the sea', {'weight': 0.470914}), ('customary international law', 'subject matter jurisdiction', {'weight': 0.744199}), ('customary international law', 'law of the sea', {'weight': 0.687212}), ('subject matter jurisdiction', 'intervention', {'weight': 0.537197}), ('federal jurisdiction', 'diversity jurisdiction', {'weight': 0.701946}), ('diversity jurisdiction', 'intervention', {'weight': 0.688384})]",0.1860529999999999,True,True
55,779495302,2014-01-01,0,federal jurisdiction,federal arbitration act,erie doctrine,subject matter jurisdiction,0.0244892329486151,2008-09-26,0.942973,2014-01-01,0.967463,2,"(0.942974, 0.967463)","[('federal arbitration act', 'federal jurisdiction', {'weight': 0.942974}), ('federal arbitration act', 'arbitration clause', {'weight': 0.720946}), ('federal jurisdiction', 'rules enabling act', {'weight': 0.902338}), ('rules enabling act', 'erie doctrine', {'weight': 0.838754}), ('subject matter jurisdiction', 'arbitration clause', {'weight': 0.841874}), ('subject matter jurisdiction', 'intervention', {'weight': 0.537197}), ('erie doctrine', 'intervention', {'weight': 0.832578})]",0.024488999999999983,True,True
56,2478673165,2014-10-30,0,executive education,outline of social science,executive education,human development theory,0.0364077897161447,2007-01-01,0.9349,2014-10-30,0.971308,2,"(0.934901, 0.971308)","[('outline of social science', 'executive education', {'weight': 0.934901}), ('outline of social science', 'human development theory', {'weight': 0.46512}), ('executive education', 'consumer economics', {'weight': 0.758157}), ('consumer economics', 'human development theory', {'weight': 0.487597})]",0.03640699999999997,True,True
57,3088402236,2015-01-01,0,patent act,patentable subject matter,unitary patent,patent act,0.0422535176080455,2005-12-01,0.929857,2015-01-01,0.972111,2,"(0.929858, 0.972111)","[('patentable subject matter', 'patent act', {'weight': 0.929858}), ('patentable subject matter', 'software patent', {'weight': 0.890584}), ('patent act', 'copyright act', {'weight': 0.823269}), ('patent misuse', 'copyright act', {'weight': 0.925604}), ('patent misuse', 'inequitable conduct', {'weight': 0.859307}), ('doctrine of equivalents', 'software patent', {'weight': 0.91022}), ('doctrine of equivalents', 'patent prosecution', {'weight': 0.869788}), ('patent prosecution', 'inequitable conduct', {'weight': 0.865128})]",0.042252999999999985,False,True
58,2247580299,2015-01-01,0,unitary patent,patent prosecution,unitary patent,doctrine of equivalents,0.0083544509084121,2013-03-16,0.963756,2015-01-01,0.972111,2,"(0.963757, 0.972111)","[('patent prosecution', 'unitary patent', {'weight': 0.963757}), ('patent prosecution', 'doctrine of equivalents', {'weight': 0.869788}), ('unitary patent', 'software patent', {'weight': 0.962815}), ('software patent', 'doctrine of equivalents', {'weight': 0.91022})]",0.008353999999999973,True,True
59,2339170642,2016-01-01,0,actual malice,court of record,actual malice,certiorari,0.0232534427824867,2011-01-01,0.953505,2016-01-01,0.976759,2,"(0.953506, 0.976759)","[('court of record', 'actual malice', {'weight': 0.953506}), ('court of record', 'court of equity', {'weight': 0.43797}), ('actual malice', 'commercial speech', {'weight': 0.909711}), ('commercial speech', 'prior restraint', {'weight': 0.829852}), ('certiorari', 'prior restraint', {'weight': 0.839925}), ('certiorari', 'court of equity', {'weight': 0.451163})]",0.02325300000000008,True,True
60,329470696,2016-01-01,0,electronic communications privacy act,digital evidence,search warrant,electronic communications privacy act,0.0186053011529098,2012-01-01,0.958153,2016-01-01,0.976759,2,"(0.958154, 0.976759)","[('digital evidence', 'electronic communications privacy act', {'weight': 0.958154}), ('digital evidence', 'search warrant', {'weight': 0.948896}), ('electronic communications privacy act', 'privacy by design', {'weight': 0.883733}), ('search warrant', 'expectation of privacy', {'weight': 0.937205}), ('expectation of privacy', 'privacy by design', {'weight': 0.875964})]",0.018605000000000094,True,True
61,2222050837,2016-01-08,0,privileges or immunities clause,customary international law,privileges or immunities clause,right to property,0.0372997447480305,2008-01-01,0.939548,2016-01-08,0.976848,2,"(0.939549, 0.976848)","[('customary international law', 'privileges or immunities clause', {'weight': 0.939549}), ('customary international law', 'right to property', {'weight': 0.823269}), ('privileges or immunities clause', 'unenumerated rights', {'weight': 0.930673}), ('unenumerated rights', 'right to property', {'weight': 0.906999})]",0.03729900000000008,True,True
62,2555211969,2016-12-01,1,absolute liability,customary international law,customary international law,actus reus,0.0833354488327455,1999-01-01,0.897689,2016-12-01,0.981025,2,"(0.89769, 0.981025)","[('customary international law', 'absolute liability', {'weight': 0.89769}), ('customary international law', 'proportionality', {'weight': 0.827917}), ('absolute liability', 'actus reus', {'weight': 0.851183}), ('actus reus', 'civil law', {'weight': 0.874411}), ('civil law', 'proportionality', {'weight': 0.483725})]",0.08333500000000005,True,True
63,2724516294,2017-01-01,0,critical legal studies,international economic law,critical legal studies,third world approaches to international law,0.0072083337942698,2015-06-15,0.974211,2017-01-01,0.98142,2,"(0.974212, 0.98142)","[('international economic law', 'critical legal studies', {'weight': 0.974212}), ('international economic law', 'third world approaches to international law', {'weight': 0.893042}), ('critical legal studies', 'legal positivism', {'weight': 0.861231}), ('legal positivism', 'third world approaches to international law', {'weight': 0.967463})]",0.007207999999999992,True,True
64,2755649589,2017-09-01,0,sarcopenic obesity,steatohepatitis,abdominal obesity,sarcopenic obesity,0.0023553767915174,2017-02-28,0.982158,2017-09-01,0.984514,2,"(0.982159, 0.984514)","[('steatohepatitis', 'sarcopenic obesity', {'weight': 0.982159}), ('steatohepatitis', 'abdominal obesity', {'weight': 0.916295}), ('sarcopenic obesity', 'body composition', {'weight': 0.914741}), ('abdominal obesity', 'body composition', {'weight': 0.917823})]",0.002354999999999996,True,True
65,3049230343,2020-07-22,0,legal positivism,customary international law,third world approaches to international law,customary international law,0.058400503673075,2008-01-01,0.939548,2020-07-22,0.997949,2,"(0.939549, 0.997949)","[('customary international law', 'legal positivism', {'weight': 0.939549}), ('customary international law', 'law of the sea', {'weight': 0.687212}), ('legal positivism', 'positive law', {'weight': 0.679074}), ('law of the sea', 'chinese law', {'weight': 0.55425}), ('positive law', 'chinese law', {'weight': 0.521687})]",0.05840000000000001,False,True
66,3108821198,2020-11-18,0,customary international law,peremptory norm,peremptory norm,international legal system,0.0459592962771054,2011-01-01,0.953505,2020-11-18,0.999465,2,"(0.953506, 0.999465)","[('peremptory norm', 'vienna convention on the law of treaties', {'weight': 0.953506}), ('peremptory norm', 'civil law', {'weight': 0.938046}), ('vienna convention on the law of treaties', 'international legal system', {'weight': 0.748848}), ('civil law', 'positive law', {'weight': 0.469768}), ('international legal system', 'positive law', {'weight': 0.934901})]",0.04595900000000008,True,True
67,73166045,1820-01-01,3,language transfer,sociology of language,universal networking language,sociology of language,0.066270507856852,1922-01-01,0.539541,1936-04-01,0.605811,2,"(0.539541, 0.605812)","[('sociology of language', 'language transfer', {'weight': 0.539541}), ('sociology of language', 'language industry', {'weight': 0.515116}), ('language transfer', 'universal networking language', {'weight': 0.46512}), ('language industry', 'universal networking language', {'weight': 0.483725})]",0.06627099999999997,True,True
68,2084284623,1957-04-01,5,linguistic purism,sociocultural linguistics,linguistic purism,language transfer,0.0430175956841403,1948-01-01,0.660469,1957-04-01,0.703486,2,"(0.660469, 0.703487)","[('sociology of language', 'linguistic purism', {'weight': 0.660469}), ('sociology of language', 'language transfer', {'weight': 0.539541}), ('linguistic purism', 'developmental linguistics', {'weight': 0.543412}), ('developmental linguistics', 'language transfer', {'weight': 0.451163})]",0.043018,True,True
69,233571455,1969-01-01,0,education,educational neuroscience,standards for educational and psychological testing,education,0.046914393872224,1958-12-01,0.711242,1969-01-01,0.758156,2,"(0.711242, 0.758157)","[('educational neuroscience', 'education', {'weight': 0.711242}), ('educational neuroscience', 'standards for educational and psychological testing', {'weight': 0.559674}), ('education', 'national science education standards', {'weight': 0.590709}), ('national science education standards', 'standards for educational and psychological testing', {'weight': 0.482554})]",0.04691499999999993,True,True
70,2058311587,1979-11-01,3,definitions of mathematics,metaphilosophy,philosophy of biology,metaphilosophy,0.0131676121780346,1977-01-01,0.795367,1979-11-01,0.808534,2,"(0.795367, 0.808535)","[('metaphilosophy', 'definitions of mathematics', {'weight': 0.795367}), ('metaphilosophy', 'christian philosophy', {'weight': 0.66513}), ('definitions of mathematics', 'philosophy of biology', {'weight': 0.672083}), ('philosophy of biology', 'christian philosophy', {'weight': 0.65852})]",0.013167999999999958,True,True
71,2103445343,1994-08-01,5,binary symmetric channel,joint source and channel coding,binary symmetric channel,harmonic vector excitation coding,0.0056032392246956,1993-05-18,0.871532,1994-08-01,0.877135,2,"(0.871532, 0.877136)","[('joint source and channel coding', 'binary symmetric channel', {'weight': 0.871532}), ('joint source and channel coding', 'harmonic vector excitation coding', {'weight': 0.860479}), ('binary symmetric channel', 'systematic code', {'weight': 0.686193}), ('harmonic vector excitation coding', 'systematic code', {'weight': 0.852125})]",0.005604000000000053,True,True
72,2252374156,2004-08-30,4,derivative work,first sale doctrine,first sale doctrine,copyright act,0.030231491934378,1998-03-01,0.893793,2004-08-30,0.924024,2,"(0.893793, 0.924025)","[('first sale doctrine', 'derivative work', {'weight': 0.893793}), ('first sale doctrine', 'common law copyright', {'weight': 0.851183}), ('derivative work', 'copyright act', {'weight': 0.827917}), ('common law copyright', 'copyright act', {'weight': 0.493021})]",0.030232000000000037,True,True
73,2050714020,2005-03-31,19,insomnia,periodic limb movement disorder,international classification of sleep disorders,respiratory disturbance index,0.0178162844173868,2001-06-01,0.908921,2005-03-31,0.926737,2,"(0.908921, 0.926738)","[('periodic limb movement disorder', 'insomnia', {'weight': 0.908921}), ('periodic limb movement disorder', 'respiratory disturbance index', {'weight': 0.906999}), ('insomnia', 'international classification of sleep disorders', {'weight': 0.89187}), ('respiratory disturbance index', 'sleep debt', {'weight': 0.848839}), ('international classification of sleep disorders', 'sleep debt', {'weight': 0.867063})]",0.017816999999999972,True,True
74,2150092508,2005-05-10,33,danish sign language,swedish sign language,danish sign language,sociolinguistics of sign languages,0.0109512551475845,2003-01-01,0.916295,2005-05-10,0.927246,2,"(0.916295, 0.927247)","[('swedish sign language', 'danish sign language', {'weight': 0.916295}), ('swedish sign language', 'sociolinguistics of sign languages', {'weight': 0.906999}), ('danish sign language', 'chinese sign language', {'weight': 0.911647}), ('chinese sign language', 'sociolinguistics of sign languages', {'weight': 0.910157})]",0.010952000000000073,True,True
75,2112357460,2007-01-01,0,legal opinion,international legal system,due process,international legal system,0.1500145262163983,1974-10-01,0.784886,2007-01-01,0.9349,2,"(0.784886, 0.934901)","[('international legal system', 'legal opinion', {'weight': 0.784886}), ('international legal system', 'vienna convention on the law of treaties', {'weight': 0.748848}), ('legal opinion', 'legal pluralism', {'weight': 0.446515}), ('law of the sea', 'vienna convention on the law of treaties', {'weight': 0.776762}), ('law of the sea', 'customary international law', {'weight': 0.687212}), ('international court', 'customary international law', {'weight': 0.744199}), ('international court', 'proportionality', {'weight': 0.534893}), ('legal pluralism', 'right to property', {'weight': 0.722092}), ('right to property', 'due process', {'weight': 0.637215}), ('due process', 'proportionality', {'weight': 0.534893})]",0.150015,True,True
76,2348838988,2007-01-01,0,supranational law,international court,supranational law,law of the sea,0.0127983077745887,2004-04-01,0.922102,2007-01-01,0.9349,2,"(0.922102, 0.934901)","[('international court', 'supranational law', {'weight': 0.922102}), ('international court', 'international legal system', {'weight': 0.848916}), ('supranational law', 'civil law', {'weight': 0.902338}), ('civil law', 'law of the sea', {'weight': 0.572855}), ('international legal system', 'law of the sea', {'weight': 0.899218})]",0.012799000000000005,True,True
77,1599031742,2009-01-01,0,symbolic speech,free exercise clause,government speech,free exercise clause,0.0361790969030914,2001-03-23,0.90803,2009-01-01,0.944209,2,"(0.90803, 0.94421)","[('free exercise clause', 'symbolic speech', {'weight': 0.90803}), ('free exercise clause', 'fairness doctrine', {'weight': 0.823269}), ('symbolic speech', 'government speech', {'weight': 0.90775}), ('government speech', 'fairness doctrine', {'weight': 0.829852})]",0.03617999999999999,True,True
78,745025861,2009-01-01,1,fourth geneva convention,international court,fourth geneva convention,law of the sea,0.0186053011529097,2005-01-01,0.925604,2009-01-01,0.944209,2,"(0.925604, 0.94421)","[('fourth geneva convention', 'convention on the elimination of all forms of discrimination against women', {'weight': 0.925604}), ('fourth geneva convention', 'code of conduct for the international red cross and red crescent movement and ngos in disaster relief', {'weight': 0.843796}), ('convention on the elimination of all forms of discrimination against women', 'right to property', {'weight': 0.762805}), ('law of the sea', 'code of conduct for the international red cross and red crescent movement and ngos in disaster relief', {'weight': 0.925604}), ('law of the sea', 'military necessity', {'weight': 0.916295}), ('vienna convention on the law of treaties', 'right to property', {'weight': 0.920943}), ('vienna convention on the law of treaties', 'international court', {'weight': 0.860479}), ('military necessity', 'proportionality', {'weight': 0.832578}), ('international court', 'proportionality', {'weight': 0.534893})]",0.01860600000000001,True,True
79,2476307787,2010-01-01,1,comparative criminal justice,international court,comparative criminal justice,proportionality,0.0791966925872318,1992-12-22,0.869661,2010-01-01,0.948857,2,"(0.869661, 0.948858)","[('international court', 'comparative criminal justice', {'weight': 0.869661}), ('international court', 'proportionality', {'weight': 0.534893}), ('comparative criminal justice', 'criminal justice ethics', {'weight': 0.775985}), ('criminal justice ethics', 'proportionality', {'weight': 0.59458})]",0.07919699999999996,True,True
80,73933519,2010-01-01,0,catathrenia,sleep related eating disorder,catathrenia,periodic limb movement disorder,0.0085576744522624,2008-02-29,0.9403,2010-01-01,0.948857,2,"(0.9403, 0.948858)","[('sleep related eating disorder', 'catathrenia', {'weight': 0.9403}), ('sleep related eating disorder', 'periodic limb movement disorder', {'weight': 0.932557}), ('catathrenia', 'sleep spindle', {'weight': 0.906999}), ('rhythmic movement disorder', 'periodic limb movement disorder', {'weight': 0.937995}), ('rhythmic movement disorder', 'sleep spindle', {'weight': 0.911647})]",0.008557999999999955,True,True
81,2329326507,2010-01-01,0,martens clause,military necessity,martens clause,customary international law,0.0240302554931832,2004-11-01,0.924827,2010-01-01,0.948857,2,"(0.924827, 0.948858)","[('military necessity', 'martens clause', {'weight': 0.924827}), ('military necessity', 'customary international law', {'weight': 0.916295}), ('martens clause', 'jus ad bellum', {'weight': 0.893042}), ('customary international law', 'jus ad bellum', {'weight': 0.918078})]",0.024031000000000025,True,True
82,2146643738,2011-03-20,8,file carving,windows registry,file carving,computer forensics,0.0057173203263347,2009-12-26,0.948781,2011-03-20,0.954498,2,"(0.948781, 0.954499)","[('windows registry', 'file carving', {'weight': 0.948781}), ('windows registry', 'computer forensics', {'weight': 0.933346}), ('file carving', 'digital forensics', {'weight': 0.944961}), ('digital forensics', 'computer forensics', {'weight': 0.858925})]",0.005718000000000001,True,True
83,2625682526,2012-01-01,0,digital millennium copyright act,secondary liability,joint and several liability,secondary liability,0.0321549523689917,2005-02-01,0.925999,2012-01-01,0.958153,2,"(0.925999, 0.958154)","[('secondary liability', 'digital millennium copyright act', {'weight': 0.925999}), ('secondary liability', 'limited liability partnership', {'weight': 0.911647}), ('digital millennium copyright act', 'copyright term', {'weight': 0.89769}), ('limited liability partnership', 'respondeat superior', {'weight': 0.9159}), ('respondeat superior', 'joint and several liability', {'weight': 0.897295}), ('common law copyright', 'copyright term', {'weight': 0.911647}), ('common law copyright', 'civil law', {'weight': 0.767453}), ('joint and several liability', 'civil law', {'weight': 0.790706})]",0.032154999999999934,True,True
84,291283689,2012-01-01,0,protected persons,fourth geneva convention,fourth geneva convention,proportionality,0.0085449398176608,2010-03-01,0.949609,2012-01-01,0.958153,2,"(0.949609, 0.958154)","[('fourth geneva convention', 'protected persons', {'weight': 0.949609}), ('fourth geneva convention', 'military necessity', {'weight': 0.925604}), ('protected persons', 'proportionality', {'weight': 0.939549}), ('proportionality', 'military necessity', {'weight': 0.832578})]",0.008544999999999914,True,True
85,2368181837,2012-01-01,0,sociology of language,sociocultural linguistics,language module,anthropological linguistics,0.2976848184465556,1948-01-01,0.660469,2012-01-01,0.958153,2,"(0.660469, 0.958154)","[('sociocultural linguistics', 'linguistic purism', {'weight': 0.660469}), ('sociocultural linguistics', 'structural linguistics', {'weight': 0.623259}), ('linguistic purism', 'sociology of language', {'weight': 0.660469}), ('sociology of language', 'universal networking language', {'weight': 0.605812}), ('structural linguistics', 'anthropological linguistics', {'weight': 0.511627}), ('universal networking language', 'language technology', {'weight': 0.451163}), ('media linguistics', 'language technology', {'weight': 0.590709}), ('media linguistics', 'anthropological linguistics', {'weight': 0.586048})]",0.297685,False,True
86,2760709176,2012-04-30,0,transform coding,audio forensics,audio forensics,sub band coding,0.0070422529346743,2010-10-25,0.952639,2012-04-30,0.959681,2,"(0.952639, 0.959682)","[('audio forensics', 'transform coding', {'weight': 0.952639}), ('audio forensics', 'linear predictive coding', {'weight': 0.951391}), ('transform coding', 'sub band coding', {'weight': 0.762805}), ('linear predictive coding', 'sub band coding', {'weight': 0.742289})]",0.0070430000000000215,True,True
87,2183793379,2013-01-01,1,civil law,actus reus,absolute liability,civil law,0.0884038334041747,1993-12-30,0.874411,2013-01-01,0.962814,2,"(0.874411, 0.962815)","[('actus reus', 'civil law', {'weight': 0.874411}), ('actus reus', 'absolute liability', {'weight': 0.851183}), ('civil law', 'joint and several liability', {'weight': 0.790706}), ('absolute liability', 'joint and several liability', {'weight': 0.753496})]",0.08840399999999993,True,True
88,2604112759,2013-01-01,1,absolutive case,accusative case,reflexive verb,accusative case,0.0511677618291521,2002-01-01,0.911647,2013-01-01,0.962814,2,"(0.911647, 0.962815)","[('accusative case', 'absolutive case', {'weight': 0.911647}), ('accusative case', 'ancient greek grammar', {'weight': 0.865128}), ('absolutive case', 'reflexive verb', {'weight': 0.683735}), ('ancient greek grammar', 'reflexive verb', {'weight': 0.762805})]",0.05116799999999999,True,True
89,2376798917,2016-05-05,0,absolute liability,actus reus,actus reus,international court,0.127167530521612,1989-01-01,0.851183,2016-05-05,0.97835,2,"(0.851183, 0.978351)","[('actus reus', 'absolute liability', {'weight': 0.851183}), ('actus reus', 'court of equity', {'weight': 0.777908}), ('absolute liability', 'joint and several liability', {'weight': 0.753496}), ('civil law', 'joint and several liability', {'weight': 0.790706}), ('civil law', 'proportionality', {'weight': 0.483725}), ('court of equity', 'international court', {'weight': 0.519764}), ('international court', 'proportionality', {'weight': 0.534893})]",0.12716799999999995,True,True
90,2544226155,2016-07-15,0,prepositional adverb,prepositional case,prepositional adverb,prepositional pronoun,0.0153834385987098,2013-03-25,0.963871,2016-07-15,0.979254,2,"(0.963871, 0.979255)","[('prepositional case', 'prepositional adverb', {'weight': 0.963871}), ('prepositional case', 'prepositional pronoun', {'weight': 0.758157}), ('prepositional adverb', 'reflexive verb', {'weight': 0.767453}), ('reflexive verb', 'prepositional pronoun', {'weight': 0.795367})]",0.015383999999999953,True,True
91,2910616001,2018-12-01,8,difficulty falling asleep,sleep onset latency,periodic limb movement disorder,sleep onset latency,0.0101245651180319,2016-09-27,0.980197,2018-12-01,0.990321,2,"(0.980197, 0.990322)","[('sleep onset latency', 'difficulty falling asleep', {'weight': 0.980197}), ('sleep onset latency', 'dyssomnias', {'weight': 0.874436}), ('difficulty falling asleep', 'periodic limb movement disorder', {'weight': 0.962815}), ('periodic limb movement disorder', 'dyssomnias', {'weight': 0.920943})]",0.01012500000000005,True,True
92,3017142388,2020-01-01,0,sleep related eating disorder,confusional arousal,confusional arousal,periodic limb movement disorder,0.0329444997142898,2012-12-01,0.96242,2020-01-01,0.995364,2,"(0.96242, 0.995365)","[('confusional arousal', 'sleep related eating disorder', {'weight': 0.96242}), ('confusional arousal', 'k complex', {'weight': 0.909698}), ('sleep related eating disorder', 'periodic limb movement disorder', {'weight': 0.932557}), ('periodic limb movement disorder', 'k complex', {'weight': 0.910475})]",0.032945,True,True
